Feature ID,Feature Name,Category,Priority,Description
F001,Patient Registration,Patient Management,High,Register new patients with demographics contact details and basic medical profile.
F002,Patient Profile Management,Patient Management,High,View and update patient information including emergency contacts and insurance details.
F003,Doctor Scheduling,Scheduling,High,Create and manage doctor availability by date shift and specialty.
F004,Doctor Leave and Slot Blocking,Scheduling,Medium,Mark doctor leave and block unavailable time slots to prevent overbooking.
F005,Appointment Booking,Appointments,High,Book appointments by selecting patient doctor date and available slot.
F006,Appointment Reschedule and Cancellation,Appointments,High,Allow authorized users to reschedule or cancel appointments with status tracking.
F007,Queue Management,Operations,High,Maintain real-time patient queue per doctor or department with token/order handling.
F008,Queue Prioritization,Operations,Medium,Support priority handling for emergency and senior citizen cases.
F009,Prescription Records,Medical Records,High,Store and retrieve digital prescriptions linked to patient visits and doctors.
F010,Visit History and Clinical Notes,Medical Records,High,Maintain longitudinal patient visit history diagnoses and clinical observations.
F011,Search and Filter Records,Productivity,Medium,Search patients doctors appointments and prescriptions using key filters.
F012,Role-Based Access Control,Security,High,Restrict access for admin doctor nurse receptionist and records staff.
F013,Hospital Use Case Deployment,Use Cases,High,Support large multi-department hospital workflows for appointments queues and records.
F014,Clinic Use Case Deployment,Use Cases,High,Support small to medium clinic operations with streamlined scheduling and patient flow.
F015,Diagnostic Center Use Case Deployment,Use Cases,Medium,Support diagnostic bookings queue tracking and report-ready visit records.
